Date,Username,Display Name,Text,Retweets,Likes,Replies,Quotes,Views,Tweet ID,Tweet URL,Export Path
2025-09-25 05:06:23,Dantashi_,Dantashi (âœ§á´—âœ§),"(âœ§á´—âœ§) ğ—¥ğ—¢ğ—Ÿğ—˜ ğ—¨ğ—£ğ—šğ—¥ğ—”ğ——ğ—˜ğ—¦ ğ—”ğ—Ÿğ—˜ğ—¥ğ—§ ğŸ’™  Congrats to everyone who got upgraded in the @irys_xyz Discord!         Your work has been noticed. Your contributions have been seen by Iryna.  To those showing up daily, and to those just getting started - this is your reminder: https://t.co/LpVAKUdbjP",9,300,183,3,11189,1971078808066240874,https://twitter.com/Dantashi_/status/1971078808066240874,C:\Projects\DATA_SCIENCE\Tweet_Scraper_app\data\exports\keywords_20260103_091408.csv
2025-09-20 10:11:43,Dantashi_,Dantashi (âœ§á´—âœ§),"(âœ§á´—âœ§) ğ—¥ğ—¢ğ—Ÿğ—˜ ğ—¨ğ—£ğ—šğ—¥ğ—”ğ——ğ—˜ğ—¦ ğ—”ğ—Ÿğ—˜ğ—¥ğ—§ ğŸ’™  Congrats to everyone who got upgraded in the @irys_xyz Discord!         Your work has been noticed. Your contributions have been seen by Iryna.  To those showing up daily, and to those just getting started - this is your reminder: https://t.co/LcAoPoQGJm",19,305,185,11,14113,1969343708777558155,https://twitter.com/Dantashi_/status/1969343708777558155,C:\Projects\DATA_SCIENCE\Tweet_Scraper_app\data\exports\keywords_20260103_091408.csv
2025-07-07 23:55:33,dem0la_,CRYPTâ—HUNTÎR ğŸ«,"Speed vs. permanence? Why not both? @irys_xyz gives rollups instant data finality. No waiting, no gas, no trust assumptions. All backed by Arweaveâ€™s permanent storage.",0,0,0,0,64,1942371943794999339,https://twitter.com/dem0la_/status/1942371943794999339,C:\Projects\DATA_SCIENCE\Tweet_Scraper_app\data\exports\keywords_20260103_091408.csv
2025-07-07 23:47:39,m1orii,miori,"Two starry-eyed explorers gazing into the decentralized future. Just like them, Irys helps your data live forever under the stars.ğŸŒŒ @irys_xyz https://t.co/yYIRlbmlnG",0,6,0,0,88,1942369956622143694,https://twitter.com/m1orii/status/1942369956622143694,C:\Projects\DATA_SCIENCE\Tweet_Scraper_app\data\exports\keywords_20260103_091408.csv
2025-07-07 23:46:13,22hizzzaaa,22hizzza,GM @irys_xyz fam! âœ§á´—âœ§  Today I drew what looks to me like some pretty funny art :p  I hope you like itğŸ‘‰ğŸ‘ˆ https://t.co/SJqRNo7GOK,0,40,29,0,915,1942369593588359386,https://twitter.com/22hizzzaaa/status/1942369593588359386,C:\Projects\DATA_SCIENCE\Tweet_Scraper_app\data\exports\keywords_20260103_091408.csv
2025-07-07 23:42:41,dusghk2436,jwn060ğŸ¡,"Finally, a new look! Is this the beginning of the hatching?  LET's @irys_xyz ~~~~  If anyone knows what this is, please comment~! https://t.co/9e9wOkajQq",0,5,1,0,52,1942368705264116219,https://twitter.com/dusghk2436/status/1942368705264116219,C:\Projects\DATA_SCIENCE\Tweet_Scraper_app\data\exports\keywords_20260103_091408.csv
2025-07-07 23:42:23,chidiebere086,"ALPHAPLUG/Noya(â–,â–)",keep seeing @irys_xyz pop up  so I did a deep dive. Hereâ€™s what makes them interesting and why you might want to pay attention. ğŸ§µ What is @irys_xyz? Itâ€™s a decentralized data availability &amp; storage layer built on top of Arweave,0,0,1,0,30,1942368631414776146,https://twitter.com/chidiebere086/status/1942368631414776146,C:\Projects\DATA_SCIENCE\Tweet_Scraper_app\data\exports\keywords_20260103_091408.csv
2025-07-07 23:41:53,mongoo_0x,mongoo âˆ KIN,"Projects that are more developer friendly than regular users..?  Using data as a ""working logic,"" @irys_xyz is a project that is more responsive to developers than to ordinary users.  1/ Provides standardized API &amp; Java Script @irys_xyz, which provides an API and Java that can",0,1,0,0,39,1942368504260473268,https://twitter.com/mongoo_0x/status/1942368504260473268,C:\Projects\DATA_SCIENCE\Tweet_Scraper_app\data\exports\keywords_20260103_091408.csv
2025-07-07 23:40:01,mongoo_0x,mongoo âˆ KIN,ì¼ë°˜ ìœ ì €ë³´ë‹¤ ê°œë°œìì—ê²Œ ì¹œí™”ì ì¸ í”„ë¡œì íŠ¸..?  ë°ì´í„°ë¥¼ â€œì‘ë™í•˜ëŠ” ë¡œì§â€ìœ¼ë¡œ í™œìš©í•˜ëŠ” @irys_xyzëŠ” ì¼ë°˜ ìœ ì €ë³´ë‹¤ ê°œë°œìë“¤ì—ê²Œ ë°˜ì‘ì´ ì¢‹ì€ í”„ë¡œì íŠ¸ì´ë‹¤.  1/ í‘œì¤€í™” ëœ API&amp;Java Script ì œê³µ ê°œë°œìì—ê²Œ ìµìˆ™í•œ ë°©ì‹ìœ¼ë¡œ ì˜¨ì²´ì¸ ì‘ì—…ì„ í˜¸ì¶œ í• ìˆ˜ ìˆëŠ” APIì™€ Javaë¥¼ ì œê³µí•˜ëŠ” @irys_xyzëŠ” https://t.co/9YRs6oMppq,0,6,2,1,83,1942368034917867962,https://twitter.com/mongoo_0x/status/1942368034917867962,C:\Projects\DATA_SCIENCE\Tweet_Scraper_app\data\exports\keywords_20260103_091408.csv
2025-07-07 23:39:00,Twiterastov,CryptoDog.eth,Just Irys! @irys_xyz https://t.co/UsH4S0urak,0,6,0,0,58,1942367777744117838,https://twitter.com/Twiterastov/status/1942367777744117838,C:\Projects\DATA_SCIENCE\Tweet_Scraper_app\data\exports\keywords_20260103_091408.csv
2025-07-07 23:33:48,0x_rana,Ra Na,"Just tapped into what @irys_xyz ğŸ©µ is building â€” and wow ğŸ¤© Real utility. Real speed. Real future. If you care about data in Web3, you need to see this. ğŸš€ https://t.co/U32CLKh4GL",2,3,3,0,33,1942366471641862251,https://twitter.com/0x_rana/status/1942366471641862251,C:\Projects\DATA_SCIENCE\Tweet_Scraper_app\data\exports\keywords_20260103_091408.csv
2025-07-07 23:33:01,ade_laitan15788,laitan ade (âœ§á´—âœ§) ğ”½rAI,"Onchain data isnâ€™t just for storage anymore.  Itâ€™s programmable. Itâ€™s verifiable. It does things.  @irys_xyz makes every upload smart-contract ready â€” triggering actions, automating tasks, and coordinating agents.  This is what data looks like when it lives onchain. https://t.co/L28VhKu6uB",0,5,0,0,39,1942366271217062135,https://twitter.com/ade_laitan15788/status/1942366271217062135,C:\Projects\DATA_SCIENCE\Tweet_Scraper_app\data\exports\keywords_20260103_091408.csv
2025-07-07 23:31:50,01Kennydee,MUBARAQğŸŒŠ,"What does @irys_xyz solve?   High costs &amp; complexity.   Its dual-ledger system (temp + permanent storage)  cuts fees while ensuring data integrity via hybrid PoW/PoS.    Smart contracts can natively read, manipulate, and write  Data perfectly for DePIN apps! ğŸ› ï¸  #Devs https://t.co/BMEZLGLLoQ",0,2,1,0,44,1942365974721606041,https://twitter.com/01Kennydee/status/1942365974721606041,C:\Projects\DATA_SCIENCE\Tweet_Scraper_app\data\exports\keywords_20260103_091408.csv
2025-07-07 23:25:29,qkrtndyd87,ì²µìŠ¤ë‘ì£¼ë¨¹ (âœ§á´—âœ§),"Did you guys watch K-Pop Demon Hunters yet??  I started it without any expectations,   but the music and visuals totally blew me away.   It was such a fun ride!  What do you think of Hirys fighting alongside Rumi?  @irys_xyz @virtuals_io @KaitoAI   #ì¼€ì´íŒë°ëª¬í—Œí„°ìŠ¤ https://t.co/2fN7uWTesw",0,1,1,0,92,1942364376742404576,https://twitter.com/qkrtndyd87/status/1942364376742404576,C:\Projects\DATA_SCIENCE\Tweet_Scraper_app\data\exports\keywords_20260103_091408.csv
2025-07-07 23:24:54,Yaroslav91_,Cross++ (âœ§á´—âœ§),"Today I got my egg and now Iâ€™m going to raise it to the max level ğŸ˜ Mineâ€™s pink (not sure if thatâ€™s good or not â€” weâ€™ll find out later in @irys_xyz). Go check yours now and drop in the comments which one you got!  Also, for those who donâ€™t know about ""A two-week activation in https://t.co/NPrN1QfYvi",0,16,4,0,145,1942364228272222427,https://twitter.com/Yaroslav91_/status/1942364228272222427,C:\Projects\DATA_SCIENCE\Tweet_Scraper_app\data\exports\keywords_20260103_091408.csv
2025-07-07 23:22:41,DinhVuong689808,James Carter,"""a chain with memory,  a community with welcoming energy,  and a vibe that just makes you want to keep showing up""  real talk, @irys_xyz isnâ€™t just infra. every move here builds story &amp; value. builders, yappers, thinkers you get it or you donâ€™t. who else stacking memories here",0,1,1,0,52,1942363671780565301,https://twitter.com/DinhVuong689808/status/1942363671780565301,C:\Projects\DATA_SCIENCE\Tweet_Scraper_app\data\exports\keywords_20260103_091408.csv
2025-11-07 04:51:53,quang250802,Quang (âœ§á´—âœ§),Woke up and saw the latest update.  Make @irys_xyz Great Again !!! https://t.co/rYdcx3oJdj,17,330,165,14,8900,1986657838584959265,https://twitter.com/quang250802/status/1986657838584959265,C:\Projects\DATA_SCIENCE\Tweet_Scraper_app\data\exports\keywords_20260103_091408.csv
2025-09-03 18:23:58,Dantashi_,Dantashi (âœ§á´—âœ§),"(âœ§á´—âœ§) ğ—¥ğ—¢ğ—Ÿğ—˜ ğ—¨ğ—£ğ—šğ—¥ğ—”ğ——ğ—˜ğ—¦ ğ—”ğ—Ÿğ—˜ğ—¥ğ—§ ğŸ’™  Congrats to everyone who got upgraded in the @irys_xyz Discord!         Your work has been noticed. Your contributions have been seen by Iryna.  To those showing up daily, and to those just getting started - this is your reminder: https://t.co/nrR1Iwucef",9,212,105,7,5950,1963306993050882380,https://twitter.com/Dantashi_/status/1963306993050882380,C:\Projects\DATA_SCIENCE\Tweet_Scraper_app\data\exports\keywords_20260103_091408.csv
2025-07-07 23:20:04,qkrtndyd87,ì²µìŠ¤ë‘ì£¼ë¨¹ (âœ§á´—âœ§),7ì›”8ì¼ ëª¨ë‹ ê²Œì„ ì™„ë£Œ!  ì¼ì¼í€˜ìŠ¤íŠ¸ ë§¤ì¼ í•˜ê³  ë””ì½”ì—ë„ ì˜¬ë¦¬ê³  ìˆëŠ”ë°   @shugo ë¡¤ ë°›ì•˜ìœ¼ë©´ ì¢‹ê² ë„¤ìš” ã…ã…  ì—´ì‹¬íˆ ì˜¬ë¦¬ë‹¤ë³´ë©´ @irys_xyz ê´€ê³„ìê°€ ë³´ê³  ì£¼ê² ì£ ??  ì˜¤ëŠ˜ë„ í™”ì´íŒ…í•˜ì„¸ìš”~  @virtuals_io @KaitoAI https://t.co/i3VyGlxKmR,0,4,0,1,173,1942363014394675301,https://twitter.com/qkrtndyd87/status/1942363014394675301,C:\Projects\DATA_SCIENCE\Tweet_Scraper_app\data\exports\keywords_20260103_091408.csv
2025-07-07 23:14:52,ddollar_again,ddollaragain(âœ§á´—âœ§),Come 2026 I will be watching Messi lift the World Cup live.  @irys_xyz keep this data https://t.co/r4LsetfM96,0,2,1,0,19,1942361706748920095,https://twitter.com/ddollar_again/status/1942361706748920095,C:\Projects\DATA_SCIENCE\Tweet_Scraper_app\data\exports\keywords_20260103_091408.csv
2025-07-07 23:06:10,waleturner02,Wale Turner,"The Programmable Layer   The Onchain Automator   The Logic Layer   The Storage Synthesizer   The Smart Data Engine   The AI Playground   The Verifiable Vault   The Real-Time Reactor   The Builderâ€™s Backbone  @irys_xyz isnâ€™t just a blockchain itâ€™s where data comes alive, https://t.co/WHA796IOtv",0,6,4,0,123,1942359515753853126,https://twitter.com/waleturner02/status/1942359515753853126,C:\Projects\DATA_SCIENCE\Tweet_Scraper_app\data\exports\keywords_20260103_091408.csv
2025-07-07 23:05:21,Kaivan63,Kaivan (âœ§á´—âœ§) ğŸ’¢ Ï€Â² base.eth,"Just got the Shugo role and I'm over the moon! Excited to start this new journey, let's make it awesome together @irys_xyz  #ShugoVibes #IRYS https://t.co/k7LNKFVRLJ",0,5,6,0,99,1942359310065099246,https://twitter.com/Kaivan63/status/1942359310065099246,C:\Projects\DATA_SCIENCE\Tweet_Scraper_app\data\exports\keywords_20260103_091408.csv
2025-07-07 23:02:47,ky_155,Ky,"ì•ˆë…•í•˜ì„¸ìš” ì˜¤ëœë§Œì…ë‹ˆë‹¤!! @irys_xyz ì»¤ë®¤ë‹ˆí‹°ëŠ” ì˜¤ëœë§Œì— ì™€ë„ ì—­ì‹œë‚˜ ì°¨ë¶„í•œ ë¶„ìœ„ê¸°ë„¤ìš”  ì´ëŸ° ì™€ì¤‘ì—ë„ ì•„ì´ë¦¬ìŠ¤ ë‰´ë¹„ë¶„ë“¤ì€ ê³„ì‹œê² ì£ ?? ì²˜ìŒ ì˜¤ì…”ì„œ ë­˜ í•´ì•¼í•  ì§€ ëª¨ë¥´ëŠ”ë¶„ì„ ìœ„í•´ ì •ë¦¬í•´ë´¤ìŠµë‹ˆë‹¤!!  1âƒ£ ì•¼í•‘í•˜ê¸°  ë‹¤ë¥¸ í”„ë¡œì íŠ¸ë“¤ê³¼ ë§ˆì°¬ê°€ì§€ì¸ë°ìš”, ê´€ë ¨ëœ ê²Œì‹œë¬¼ì„ ì‘ì„±í•˜ë©´ ë©ë‹ˆë‹¤. ê³µì‹ https://t.co/5bJAcIJF0r",0,29,23,0,588,1942358666193301529,https://twitter.com/ky_155/status/1942358666193301529,C:\Projects\DATA_SCIENCE\Tweet_Scraper_app\data\exports\keywords_20260103_091408.csv
2025-07-07 23:00:18,0xWizbisy,Wizbisy,"Hirys night ğŸŒ™ some files are meant to fade. but the important ones, memories, proof, code, moments, they deserve to stay.  @irys_xyz doesnâ€™t just store data, it preserves it, permanently, verifiably, and without middlemen.  sleep well. your work is safe thanks to @irys_xyz. âœ§ https://t.co/c8vmf6qJQM",0,10,5,0,129,1942358039878578674,https://twitter.com/0xWizbisy/status/1942358039878578674,C:\Projects\DATA_SCIENCE\Tweet_Scraper_app\data\exports\keywords_20260103_091408.csv
2025-07-07 22:51:32,miaguskid,Web3 Xabigio ğŸ« ğŸ“,"With @irys_xyz , data isnâ€™t archived, itâ€™s activated. Uploads become immutable signals in a decentralized execution fabric. Not just where data lives, but where it matters.  This is onchain as medium. This is programmable permanence.",0,1,1,0,33,1942355832189993339,https://twitter.com/miaguskid/status/1942355832189993339,C:\Projects\DATA_SCIENCE\Tweet_Scraper_app\data\exports\keywords_20260103_091408.csv
2025-09-20 18:12:39,guojing__cm,Guojing,"Hirys to my @irys_xyz fam ğŸ’š  When words fade, stone remembers.  When chains break, truth remains.  The stone is called @irys_xyz   (âœ§á´—âœ§) https://t.co/Ybr1I8j4Gh",6,222,258,4,6652,1969464739555106901,https://twitter.com/guojing__cm/status/1969464739555106901,C:\Projects\DATA_SCIENCE\Tweet_Scraper_app\data\exports\keywords_20260103_091408.csv
2025-07-07 22:49:49,OgSavag74479189,Savage,"Have you played any games on @Irys_XYZ Arcade today? ğŸ®âœ¨ If not, you're missing out on the easiest way to earn while having fun.  Just head to https://t.co/YLoDggiDPq, connect your wallet, and start tapping those high scores! #IrysArcade https://t.co/dplwvYhARP",0,4,2,0,38,1942355402080870798,https://twitter.com/OgSavag74479189/status/1942355402080870798,C:\Projects\DATA_SCIENCE\Tweet_Scraper_app\data\exports\keywords_20260103_091408.csv
2025-07-07 22:48:50,miaguskid,Web3 Xabigio ğŸ« ğŸ“,"What @irys_xyz unlocks isnâ€™t storage, itâ€™s statefulness. Data that persists, performs, and participates. Permanent, permissionless, provable.  The onchain medium isnâ€™t passive, it reacts. This is where information becomes infrastructure.",0,0,0,0,19,1942355154080027063,https://twitter.com/miaguskid/status/1942355154080027063,C:\Projects\DATA_SCIENCE\Tweet_Scraper_app\data\exports\keywords_20260103_091408.csv
2025-07-07 22:48:29,Kaivan63,Kaivan (âœ§á´—âœ§) ğŸ’¢ Ï€Â² base.eth,"Just woke up and ready to start the day with a smile, every morning feels cozy when you wake up in your favorite spot! @irys_xyz https://t.co/xb2g4SieOg",0,16,16,0,188,1942355064217301442,https://twitter.com/Kaivan63/status/1942355064217301442,C:\Projects\DATA_SCIENCE\Tweet_Scraper_app\data\exports\keywords_20260103_091408.csv
2025-07-07 22:45:51,8xShizuku,"Shizuku | ğŸŠ,ğŸ’Š","GM  After playing Irys Arcade games - did you take a break?  Creating content, helping newbies in @irys_xyz discord - have you helped yourself?  Storing so much information, even a sprite gets tired. You think you're the exception? Know how to rest so you can perform even better. https://t.co/K1eywmkJzy",4,5,6,0,39,1942354402309988644,https://twitter.com/8xShizuku/status/1942354402309988644,C:\Projects\DATA_SCIENCE\Tweet_Scraper_app\data\exports\keywords_20260103_091408.csv
2025-07-07 22:43:19,kettei_cryp,Kettei,",,Reveal successful,, Thats what i see right now when trying to reveal my Bitomo ğŸ«¢  From now evolve with brunch ,,coming soon,,  So wait new announcement from @irys_xyz ğŸ©µ https://t.co/xMludm9svw",0,12,3,0,224,1942353765111140794,https://twitter.com/kettei_cryp/status/1942353765111140794,C:\Projects\DATA_SCIENCE\Tweet_Scraper_app\data\exports\keywords_20260103_091408.csv
2025-07-07 22:42:48,miaguskid,Web3 Xabigio ğŸ« ğŸ“,"Not just data at rest, data in motion. @irys_xyz transforms every upload into a first class citizen of the decentralized web. Immutable, addressable, programmable.  This isnâ€™t storage, Itâ€™s state, memory, and intent onchain and alive. https://t.co/aQa8TpmmR1",0,1,0,0,31,1942353634785739168,https://twitter.com/miaguskid/status/1942353634785739168,C:\Projects\DATA_SCIENCE\Tweet_Scraper_app\data\exports\keywords_20260103_091408.csv
2025-07-07 22:42:19,TimYifyisopse,What1slove (âœ§á´—âœ§),"ğŸ”“ @irys_xyz  + SQD: Unlocking Access to DeFi Trading Data  DeFi is decentralized â€” but the data that powers it? Still controlled by centralized platforms.  Every trade onchain tells a story. But to understand it, builders need that data to be structured, transparent, and https://t.co/PZ7NG3f1Yc",0,20,7,0,178,1942353514149093687,https://twitter.com/TimYifyisopse/status/1942353514149093687,C:\Projects\DATA_SCIENCE\Tweet_Scraper_app\data\exports\keywords_20260103_091408.csv
2025-07-07 22:41:25,danseyka,Danseyka,"ğŸ«Have you already revealed your Bitomo nft?  I have the blue one  The button is also changed to ""evolve BITOMO"" but it's only coming soon  @irys_xyz #bitomokx https://t.co/bs5z0MOg8O",0,7,2,2,555,1942353285131677779,https://twitter.com/danseyka/status/1942353285131677779,C:\Projects\DATA_SCIENCE\Tweet_Scraper_app\data\exports\keywords_20260103_091408.csv
2025-07-07 22:40:53,miaguskid,Web3 Xabigio ğŸ« ğŸ“,"Onchain is no longer the endpoint, itâ€™s the execution layer. @irys_xyz makes data self verifying, censorship resistant, and composable. Each upload is a commitment to truth, action, and longevity.  Storage? No. This is coordination at the protocol level.",0,1,1,0,23,1942353153090838721,https://twitter.com/miaguskid/status/1942353153090838721,C:\Projects\DATA_SCIENCE\Tweet_Scraper_app\data\exports\keywords_20260103_091408.csv
2025-07-07 22:38:22,Zeusee_,Its_camarah (âœ§á´—âœ§),"woke up, minted a PDF of my unhinged 3AM thoughts to @irys_xyz now itâ€™s immortal, uncensorable, &amp; probably illegal in 3 countries donâ€™t ask why ask how it was this easy ğŸ˜‰  Only possible with Irys.  Hirys... https://t.co/Luboep7VYC",0,0,0,0,21,1942352518836805793,https://twitter.com/Zeusee_/status/1942352518836805793,C:\Projects\DATA_SCIENCE\Tweet_Scraper_app\data\exports\keywords_20260103_091408.csv
2025-08-03 13:27:54,Dantashi_,Dantashi (âœ§á´—âœ§),"(âœ§á´—âœ§) ğ—¥ğ—¢ğ—Ÿğ—˜ ğ—¨ğ—£ğ—šğ—¥ğ—”ğ——ğ—˜ğ—¦ ğ—”ğ—Ÿğ—˜ğ—¥ğ—§ ğŸ’™  Congrats to everyone who got upgraded in the @irys_xyz Discord!         Your work has been noticed. Your contributions have been seen by Iryna.  To those showing up daily, and to those just getting started - this is your reminder: https://t.co/jkvA4y57ly",9,243,189,8,9333,1951998464176320590,https://twitter.com/Dantashi_/status/1951998464176320590,C:\Projects\DATA_SCIENCE\Tweet_Scraper_app\data\exports\keywords_20260103_091408.csv
2025-07-07 22:38:16,Chidezy16,Fayfayâ˜‚ï¸,You can now reveal your Bitomo egg on the @irys_xyz campaign via okx wallet.  Simply click on Reveal Bitomo and wait for few minutes.  What is the colour of your Bitomo? Proudly GREENğŸŸ©ğŸŸ© https://t.co/pRWKaaIiJ7,0,6,2,0,122,1942352494765469822,https://twitter.com/Chidezy16/status/1942352494765469822,C:\Projects\DATA_SCIENCE\Tweet_Scraper_app\data\exports\keywords_20260103_091408.csv
2025-07-07 22:33:56,gggaminggggggg,WAGMI LFG,Congrats to all the new senshi&amp;shugo  great community really appreciate their member stay hirys @irys_xyz @IrysArcade,0,4,1,0,53,1942351402598269197,https://twitter.com/gggaminggggggg/status/1942351402598269197,C:\Projects\DATA_SCIENCE\Tweet_Scraper_app\data\exports\keywords_20260103_091408.csv
2025-07-07 22:32:19,OgSavag74479189,Savage,"ğŸ§µ Irys isnâ€™t just about data.  Itâ€™s about trust in a trustless world. Hereâ€™s why that matters ğŸ‘‡  The internet made data global. Web3 made value global. But thereâ€™s still no native way to trust what youâ€™re reading, using, or training on. @irys_xyz changes that. https://t.co/XnPvVxh6rv",1,5,4,0,51,1942350995591422082,https://twitter.com/OgSavag74479189/status/1942350995591422082,C:\Projects\DATA_SCIENCE\Tweet_Scraper_app\data\exports\keywords_20260103_091408.csv
2025-07-07 22:31:10,f_dezuo,Firminus.eth ğŸ«,"Irys programmable datachain represents a significant evolution in blockchain technology, particularly for AI-driven and data-heavy applications. Its testnet success and partnerships suggest strong potential.  For developers intending to build on @irys_xyz but are still seeking https://t.co/azkSjDiRSK",1,1,0,0,18,1942350707526455455,https://twitter.com/f_dezuo/status/1942350707526455455,C:\Projects\DATA_SCIENCE\Tweet_Scraper_app\data\exports\keywords_20260103_091408.csv
2025-07-07 22:28:53,favourite54043,Joshuasa1ğŸ¥¶|HUDL|#REVA|Ï€Â²,Day 34 if yapping about @irys_xyz https://t.co/bPMLXZKUhW,0,1,1,1,89,1942350131577184456,https://twitter.com/favourite54043/status/1942350131577184456,C:\Projects\DATA_SCIENCE\Tweet_Scraper_app\data\exports\keywords_20260103_091408.csv
2025-07-07 22:22:56,kingflirckz22,BLANK,"Hirys fam, have you checked in on @irys_xyz Galxe today?  Donâ€™t sleep on your daily quest. Itâ€™s your chance to stack up those points.  Hereâ€™s your checklist: ğŸ’¦Claim faucet rewards ğŸ® Play at the irysarcade ğŸ“¤ Upload something cool on Lofty  Letâ€™s keep building with @irys_xyz https://t.co/qxQyyzTIGV",5,6,3,0,67,1942348635943100746,https://twitter.com/kingflirckz22/status/1942348635943100746,C:\Projects\DATA_SCIENCE\Tweet_Scraper_app\data\exports\keywords_20260103_091408.csv
2025-07-07 22:21:58,web3dennie,Big Dennie of web 3,My convictions on @irys_xyz is getting louder.. https://t.co/kFXiNJXMQq,0,4,3,0,103,1942348390362153009,https://twitter.com/web3dennie/status/1942348390362153009,C:\Projects\DATA_SCIENCE\Tweet_Scraper_app\data\exports\keywords_20260103_091408.csv
2025-08-23 13:41:54,Dantashi_,Dantashi (âœ§á´—âœ§),"(âœ§á´—âœ§) ğ—¥ğ—¢ğ—Ÿğ—˜ ğ—¨ğ—£ğ—šğ—¥ğ—”ğ——ğ—˜ğ—¦ ğ—”ğ—Ÿğ—˜ğ—¥ğ—§ ğŸ’™  Congrats to everyone who got upgraded in the @irys_xyz Discord!         Your work has been noticed. Your contributions have been seen by Iryna.  To those showing up daily, and to those just getting started - this is your reminder: https://t.co/8iKRRMjixx",11,257,147,12,10894,1959249742120014239,https://twitter.com/Dantashi_/status/1959249742120014239,C:\Projects\DATA_SCIENCE\Tweet_Scraper_app\data\exports\keywords_20260103_091408.csv
2025-07-07 22:21:38,Crypto_RaZZ,"RAZZ (â–,â–)","Some journeys begin with a wave goodbye ğŸ‘‹ But not out of sadnessâ€” Out of hope for something better. Something faster. Something fairer. Welcome to the era of Irys, a new Layer 1 chain built for what's next. @irys_xyz https://t.co/o0oCqro8VA",0,3,0,0,31,1942348309932433821,https://twitter.com/Crypto_RaZZ/status/1942348309932433821,C:\Projects\DATA_SCIENCE\Tweet_Scraper_app\data\exports\keywords_20260103_091408.csv
2025-07-07 22:20:30,AuwalE53,AuwalOnchain,"Been exploring @irys_xyz recently and it's different from the usual testnets. Itâ€™s not just about storing data it's about programmable data, where the info can actually do something onchain.  #Web3 #TestnetSeason  #IrysCommunity #OnChainFren  #AirdropHunter",0,0,0,0,16,1942348022609854686,https://twitter.com/AuwalE53/status/1942348022609854686,C:\Projects\DATA_SCIENCE\Tweet_Scraper_app\data\exports\keywords_20260103_091408.csv
2025-07-07 22:18:16,HavanaBro,Havana (âœ§á´—âœ§) âŒ˜ğŸ› ï¸,"The egg has been revealed. So excited for the next stage of the Bitomo NFT journey. Can't wait for the ""Evolve"" button to go live to see what this becomes.  Proudly powered by @irys_xyz   Who else has revealed their egg ? https://t.co/n21QDjgrMR",0,4,0,0,45,1942347462888546573,https://twitter.com/HavanaBro/status/1942347462888546573,C:\Projects\DATA_SCIENCE\Tweet_Scraper_app\data\exports\keywords_20260103_091408.csv
2025-07-07 22:15:30,ItsMisaya,Misaya,Sprite just discovered some mysterious eggs... What could hatch from them? ğŸ¤”  Join the Genesis Hunt by @irys_xyz in partnership with @okx and raise your own NFT pet.  Ready to start your adventure?  Join now â™¡ https://t.co/NAbZkj0JAf https://t.co/xbww5s3CcX,0,13,0,0,1330,1942346767049040146,https://twitter.com/ItsMisaya/status/1942346767049040146,C:\Projects\DATA_SCIENCE\Tweet_Scraper_app\data\exports\keywords_20260103_091408.csv
2025-07-07 22:11:52,kabusdoxa,Amna,å‡†å¤‡å¥½äº†å—ï¼Ÿ @irys_xyz çš„ä¸‹æ¬¡AMAå°†åœ¨å‘¨ä¸‰ä¸¾è¡Œï¼ å¿«æŠŠä½ çš„é—®é¢˜å‡†å¤‡å¥½ï¼#AskIrys https://t.co/y4bYC7bOfO,0,1,0,0,7,1942345851608916018,https://twitter.com/kabusdoxa/status/1942345851608916018,C:\Projects\DATA_SCIENCE\Tweet_Scraper_app\data\exports\keywords_20260103_091408.csv
2025-07-07 22:10:44,inkaxyz,inka,"- strategic partnership between @superconnector_ x @irys_xyz a pioneering Layer-1 programmable datachain!   Through this collaboration, Super Connector is empowered with data credits from Irys, fueling the seamless growth and unparalleled scalability of its innovative ecosystem.",0,3,1,0,230,1942345564835962900,https://twitter.com/inkaxyz/status/1942345564835962900,C:\Projects\DATA_SCIENCE\Tweet_Scraper_app\data\exports\keywords_20260103_091408.csv
2025-07-07 22:08:23,skathdgus09,Soo It.ì‹¸ì´ì‹ .ğŸŒŠRIVER .edgeğŸ¦­,êµ¿ëª¨ë‹ì…ë‹ˆë‹¤  ì–í¼ë¶„ë“¤ @anoma ì €ëŠ” ì˜ë„ë¥¼ ê°€ì§€ê³  ë˜¥ê¸€ì„ ì“°ì§€ ì•ŠìŠµë‹ˆë‹¤  @wardenprotocol  ë‹¤ë§Œíƒœê·¸ëŠ” ë‹¤ë‹¬ê³ ì‹¶ì€ë° @KaitoAI  @virtuals_io  ì´ë ‡ê²Œ ë§‰ ì“°ëŠ”ê±´ ê·¸ë¦¬ ì„ í˜¸í•˜ì§„ ì•Šì§€ë§Œ ì“°ë‹¤ë³´ë‹ˆ ê¸€ììˆ˜ê°€ ë‹¤ë˜ê°€ë„¤ìš” í”„ë¦¬ë¯¸ì—„ìœ¼ë¡œ ë°”ê¾¸ì•¼ëŒ€ë‚˜ã…   ì•”íŠ¼ ì˜¤ëŠ˜ë„ í™”íŒ…ì…ë‹ˆë‹¤ @irys_xyz ë„ˆë„ê°€ë³´ìŸˆ,0,11,6,0,136,1942344976064733524,https://twitter.com/skathdgus09/status/1942344976064733524,C:\Projects\DATA_SCIENCE\Tweet_Scraper_app\data\exports\keywords_20260103_091408.csv
2025-07-07 22:07:40,0xmarchesss,marchesssik,"Hirys fam  As I said before, not so long ago @irys_xyz  became one with me, I am happy about it, because now shil level is going to a new level  I've wanted to do something like this for a long time but had no ideas, @irys_xyz  helped me with this one  Thank you all for https://t.co/NLE8XdHF2O",0,24,8,0,619,1942344792102568366,https://twitter.com/0xmarchesss/status/1942344792102568366,C:\Projects\DATA_SCIENCE\Tweet_Scraper_app\data\exports\keywords_20260103_091408.csv
2025-07-07 22:07:05,guidobracalenti,Guido,å‡†å¤‡å¥½äº†å—ï¼Ÿ@irys_xyzçš„ä¸‹æ¬¡AMAå°†åœ¨å‘¨ä¸‰ä¸¾è¡Œï¼ å¿«æŠŠä½ çš„é—®é¢˜å‡†å¤‡å¥½ï¼#AskIrys https://t.co/2nhyEv7sAG,0,0,0,0,7,1942344646543433879,https://twitter.com/guidobracalenti/status/1942344646543433879,C:\Projects\DATA_SCIENCE\Tweet_Scraper_app\data\exports\keywords_20260103_091408.csv
2025-07-07 22:06:05,Yaroslav91_,Cross++ (âœ§á´—âœ§),A short video about how it all begins. Quality doesnâ€™t fall from the sky. First comes the mess. Then you pull an idea out of it â€” and carve it into clarity.  to be continued .... @irys_xyz https://t.co/4fWTzO71v9,0,6,1,0,121,1942344396160033054,https://twitter.com/Yaroslav91_/status/1942344396160033054,C:\Projects\DATA_SCIENCE\Tweet_Scraper_app\data\exports\keywords_20260103_091408.csv
2025-07-07 22:04:49,rrebowe,Rustin Rebowe,æ—©ä¸Šå¥½ï¼Œ@irys_xyzç¤¾åŒºï¼ä»Šå¤©æˆ‘ä»¬åœ¨ä¼˜åŒ–å¯ç¼–ç¨‹æ•°æ®é“¾çš„æ€§èƒ½ï¼Œå‡†å¤‡è¿æ¥æ›´å¤šåˆ›æ–°åº”ç”¨ï¼ ä½ æœ€æœŸå¾…Irysåœ¨Web3ä¸­çš„å“ªé¡¹çªç ´ï¼Ÿå¿«æ¥åˆ†äº«ï¼#IrysVibes https://t.co/i3RGMjHvqd,0,0,0,0,40,1942344075791020242,https://twitter.com/rrebowe/status/1942344075791020242,C:\Projects\DATA_SCIENCE\Tweet_Scraper_app\data\exports\keywords_20260103_091408.csv
2025-07-07 21:59:52,memencoin,"ğŸŠ,ğŸ’ŠMeme and Coin | ğ”½rAI",all same? comment yours @irys_xyz https://t.co/3fdNxV4snN,0,0,0,0,7,1942342831957499912,https://twitter.com/memencoin/status/1942342831957499912,C:\Projects\DATA_SCIENCE\Tweet_Scraper_app\data\exports\keywords_20260103_091408.csv
2025-07-07 21:59:30,Dantashi_,Dantashi (âœ§á´—âœ§),What a difference 14 days of yapping makes when you stay consistent:  7D: 15th â†’ 6th 30D: 18th â†’ 8th 3M: 20th â†’ 7th 6M: 48th â†’ 36th 12M: 77th â†’ 64th  Let's keep on yapping loud and make @irys_xyz impossible to ignore! ğŸ’¥  Love you all - Irys forever ğŸ©µ  Stay Hirys (âœ§á´—âœ§) https://t.co/uC53UjRj4L,2,103,82,0,1751,1942342738189418839,https://twitter.com/Dantashi_/status/1942342738189418839,C:\Projects\DATA_SCIENCE\Tweet_Scraper_app\data\exports\keywords_20260103_091408.csv
2025-07-07 21:58:52,JonSnowKnowss,ğ‰á´É´ ğ’É´á´á´¡ (âœ§á´—âœ§),REVEAL YOUR BITOMO NFT GUYS @irys_xyz !!! here's the link: - Just click on reveal my nft. â€¢ https://t.co/0JUl8O8cMn i got the blue one what about you tell me in the comments https://t.co/oLcGa6Kqu2,0,6,5,0,99,1942342577359053275,https://twitter.com/JonSnowKnowss/status/1942342577359053275,C:\Projects\DATA_SCIENCE\Tweet_Scraper_app\data\exports\keywords_20260103_091408.csv
2025-07-07 21:53:00,dili_dim,Dilidim,"Okay, the result is in a yellow egg, now the big question... is this rare?  Love this element of mystery. Can't wait to see what this yellow Bitomo NFT becomes after evolving on the @irys_xyz network.  your turn,drop your reveals in the commentsğŸ‘‡ https://t.co/MuNlOfOg0T",0,11,4,2,263,1942341104495649084,https://twitter.com/dili_dim/status/1942341104495649084,C:\Projects\DATA_SCIENCE\Tweet_Scraper_app\data\exports\keywords_20260103_091408.csv
2025-07-07 21:53:00,morenwow,moren kun,"i just reveal bitomo, lfg @irys_xyz https://t.co/nZKPUdS56k",0,12,7,1,308,1942341101681271181,https://twitter.com/morenwow/status/1942341101681271181,C:\Projects\DATA_SCIENCE\Tweet_Scraper_app\data\exports\keywords_20260103_091408.csv
2025-07-07 21:52:46,0xsersmin,SerSmin,"Did you know?   Irys, the first L1 programmable datachain, has raised $8.9 million to fight misinformation using scalable and verifiable data!   It powers AI applications with affordable storage and EVM-compatible execution.   Join the revolution!   @irys_xyz https://t.co/FwSqXg57v4",0,15,0,0,79,1942341042327405016,https://twitter.com/0xsersmin/status/1942341042327405016,C:\Projects\DATA_SCIENCE\Tweet_Scraper_app\data\exports\keywords_20260103_091408.csv
2025-07-07 21:52:44,belongtomars,BeltoMğŸ«,"Ever wish your data could do more than just sit there?  With @irys_xyz, it can actually do stuff.  Programmable data means you can trigger logic, automate processes, or even ping your smart contract when something changes - all without leaving the chain.  Itâ€™s like giving your https://t.co/rxE0fk5tzq",0,8,1,0,38,1942341033733337341,https://twitter.com/belongtomars/status/1942341033733337341,C:\Projects\DATA_SCIENCE\Tweet_Scraper_app\data\exports\keywords_20260103_091408.csv
2025-07-07 21:50:28,professor_slax,Danny_web3.ink ğŸ‘¾ğŸ›¡ï¸,"Alright, letâ€™s get real about Irys (@irys_xyz) this chain is wild, honestly. Forget what you think you know about onchain data. Irys isnâ€™t just storing your stuff in some dusty blockchain attic. Nah, itâ€™s making data actually do thingsâ€”like, programmable data that runs actions,",0,0,2,0,19,1942340466223067597,https://twitter.com/professor_slax/status/1942340466223067597,C:\Projects\DATA_SCIENCE\Tweet_Scraper_app\data\exports\keywords_20260103_091408.csv
2025-07-07 21:48:18,yee_ay_,"yee? (â–,â–)",Locked in on @irys_xyz #lockedinirys https://t.co/pQePO4mjJq,0,4,0,0,48,1942339920724644085,https://twitter.com/yee_ay_/status/1942339920724644085,C:\Projects\DATA_SCIENCE\Tweet_Scraper_app\data\exports\keywords_20260103_091408.csv
2025-07-07 21:48:08,anonymoux25,å“ˆæ¯”å¸ƒæ‹‰ â˜‚ï¸,For data safety &amp; programmable data.   Pivot to @irys_xyz   Hirys.,0,1,0,0,53,1942339877778948540,https://twitter.com/anonymoux25/status/1942339877778948540,C:\Projects\DATA_SCIENCE\Tweet_Scraper_app\data\exports\keywords_20260103_091408.csv
2025-07-07 21:46:34,alvedenkin1979,Alex Vedenkin ğŸ¦… SuperIntent #SomniaNetwork .nad,"Hirys, fum!  Are you nostalgic for good games from the past?  #Irys on the website https://t.co/P8rQ4qvUvh it gives you the opportunity to remember those times.   Here you can play classic #Snake, #Tetris and #Frogger  and get prizes in the form of Irys test tokens.  @irys_xyz https://t.co/DH0CZMPsbQ",1,2,0,0,26,1942339484462297520,https://twitter.com/alvedenkin1979/status/1942339484462297520,C:\Projects\DATA_SCIENCE\Tweet_Scraper_app\data\exports\keywords_20260103_091408.csv
2025-07-07 21:45:53,jhsrain,MIMI-FATHER.ì‹¸ì´ì‹.MemeMaxâš¡,"AMA ì—ì„œ ìŠ¤íŠ¸ë¼ì´í”„ ì¸í˜•ì„ ëª»ë°›ì€ ìŠ¤í”„ë¼ì´íŠ¸! ì´ì œëŠ” IRYS TGEë¥¼ ê¸°ë‹¤ë¦¬ë©°, ì—ì–´ë“œëë°•ìŠ¤ë¥¼ ê¸°ëŒ€ì¤‘ì…ë‹ˆë‹¤.  @irys_xyz https://t.co/R4AKwhjG4x",1,8,4,0,85,1942339310113755465,https://twitter.com/jhsrain/status/1942339310113755465,C:\Projects\DATA_SCIENCE\Tweet_Scraper_app\data\exports\keywords_20260103_091408.csv
2025-07-07 21:43:59,carinhasuave,crypto guy ğŸ”† ğŸ‡§ğŸ‡·,ğŸ”¹finally senshi the effort was worth it thank you ğŸ”¹irys and iryna for recognizing my work ğŸ”¹irys and others  âœ¨@irys_xyz ğŸ’ğŸ’ğŸ’ğŸ’ https://t.co/qOoDSAjpN3,0,3,3,0,90,1942338833414304106,https://twitter.com/carinhasuave/status/1942338833414304106,C:\Projects\DATA_SCIENCE\Tweet_Scraper_app\data\exports\keywords_20260103_091408.csv
2025-08-28 07:29:36,Dantashi_,Dantashi (âœ§á´—âœ§),"(âœ§á´—âœ§) ğ—¥ğ—¢ğ—Ÿğ—˜ ğ—¨ğ—£ğ—šğ—¥ğ—”ğ——ğ—˜ğ—¦ ğ—”ğ—Ÿğ—˜ğ—¥ğ—§ ğŸ’™  Congrats to everyone who got upgraded in the @irys_xyz Discord!         Your work has been noticed. Your contributions have been seen by Iryna.  To those showing up daily, and to those just getting started - this is your reminder: https://t.co/aqt7vzxNHY",13,238,129,5,7923,1960967990549037324,https://twitter.com/Dantashi_/status/1960967990549037324,C:\Projects\DATA_SCIENCE\Tweet_Scraper_app\data\exports\keywords_20260103_091408.csv
2025-07-07 21:43:29,anonymoux25,å“ˆæ¯”å¸ƒæ‹‰ â˜‚ï¸,"On @irys_xyz, data is permanent, programmable, and verifiable, ready to power smart contracts, AI agents, and new forms of automation the second itâ€™s uploaded.  No oracles. No polling. No middleware. Just data that does things.  Welcome to the programmable data era",0,2,2,0,63,1942338707169710148,https://twitter.com/anonymoux25/status/1942338707169710148,C:\Projects\DATA_SCIENCE\Tweet_Scraper_app\data\exports\keywords_20260103_091408.csv
2025-07-07 21:42:21,Mohbydickk,Moby,"ğŸ›ŸThe Core Features and Vision of @irys_xyz  What Sets @irys_xyz APART?  Letâ€™s break down the core features powering the future of onchain data.  ğŸ›HIGH PERFORMANCE: Irys moves data faster and cheaper, unlocking new possibilities for real-time onchain services.  ğŸ›COMPOSABLE",1,5,3,1,149,1942338422531842233,https://twitter.com/Mohbydickk/status/1942338422531842233,C:\Projects\DATA_SCIENCE\Tweet_Scraper_app\data\exports\keywords_20260103_091408.csv
2025-07-07 21:42:01,DZalivsk,Descilok,"Meet @irys_xyz mascot, a quirky digital seed!  Symbolizing growth &amp; permanence, it embodies Irys's mission to plant unerasable, verifiable data on-chain for Web3  Cute, yet powerful! https://t.co/0XBMlfoDNl",0,2,0,0,60,1942338340218605704,https://twitter.com/DZalivsk/status/1942338340218605704,C:\Projects\DATA_SCIENCE\Tweet_Scraper_app\data\exports\keywords_20260103_091408.csv
2025-07-07 21:41:44,PPeretebe89244,Powe (Noya),"Before you go to sleep let's talk @irys_xyz    Long-Term Vision For Irys   - Irys is out here building a Web3 where your data lasts forever. No more lost NFTs or sketchy cloud vibesâ€”just permanent, legit storage. Wanna shape the future with us? Letâ€™s go!  - Forget temporary. Irys https://t.co/F9XYukd926",1,9,5,0,144,1942338267451465803,https://twitter.com/PPeretebe89244/status/1942338267451465803,C:\Projects\DATA_SCIENCE\Tweet_Scraper_app\data\exports\keywords_20260103_091408.csv
2025-07-07 21:40:38,0xqsilver,0xqsilver ğŸ¦‡ âœ§á´—âœ§,"Irys isnâ€™t just a data chain itâ€™s a programmable storage layer where data becomes active.   ğŸ”¥ Store, verify, and interact with onchain data directly through IrysVM.   No bridges, no middlemen, just fast, secure, and scalable data infrastructure  IRYS @irys_xyz https://t.co/4hgUAq562J",0,3,0,0,74,1942337988542734468,https://twitter.com/0xqsilver/status/1942337988542734468,C:\Projects\DATA_SCIENCE\Tweet_Scraper_app\data\exports\keywords_20260103_091408.csv
2025-07-07 21:36:31,Sae_Gowon,SAEğŸ€,How many of you believe @irys_xyz is the next big thing ğŸ©µğŸ©µ https://t.co/8w1adGeZyC,0,12,9,0,198,1942336955846476028,https://twitter.com/Sae_Gowon/status/1942336955846476028,C:\Projects\DATA_SCIENCE\Tweet_Scraper_app\data\exports\keywords_20260103_091408.csv
2025-07-07 21:18:52,pranaytrades,pranayy,"just revealed my @irys_xyz bitomo, now got this cute lil egg ğŸ¥š, show me yours Datapunk! ğŸ’š   Hirys âœ‹ğŸ’š https://t.co/epdr0vcMu1",0,3,3,0,100,1942332511335633101,https://twitter.com/pranaytrades/status/1942332511335633101,C:\Projects\DATA_SCIENCE\Tweet_Scraper_app\data\exports\keywords_20260103_091408.csv
2025-07-07 21:17:14,ekpi_,Ekpi,Just reviled my @irys_xyz Bitomo egg  Fingers crossed ğŸ¤  We ride  Check yours https://t.co/GmIJOopeck,0,16,11,0,424,1942332100100997344,https://twitter.com/ekpi_/status/1942332100100997344,C:\Projects\DATA_SCIENCE\Tweet_Scraper_app\data\exports\keywords_20260103_091408.csv
2025-07-07 21:15:20,EdstechD,EdwinğŸ€„ï¸,working out hard with my sprite grinding reps   while i build muscle she builds on chain muscle memory   thanks to @irys_xyz haha   proof  of gym meets proof of storage   quote or comment yours below ğŸ‘‡  Hirys https://t.co/V0MZXERlST,1,10,3,0,243,1942331622491316639,https://twitter.com/EdstechD/status/1942331622491316639,C:\Projects\DATA_SCIENCE\Tweet_Scraper_app\data\exports\keywords_20260103_091408.csv
2025-07-07 21:15:05,Toss301,"Toss301 of HUDDLE ğŸŠ,ğŸ’Š ğŸš â›“","Donâ€™t sleep on @irys_xyz. This isnâ€™t just another Web3 project â€” itâ€™s the backbone powering onchain data for ecosystems, L2s, and dapps. Fast, reliable, scalable. Irys is built different. https://t.co/lNVZvNRqyC",0,0,0,0,9,1942331559958438150,https://twitter.com/Toss301/status/1942331559958438150,C:\Projects\DATA_SCIENCE\Tweet_Scraper_app\data\exports\keywords_20260103_091408.csv
2025-07-07 21:13:44,jhsrain,MIMI-FATHER.ì‹¸ì´ì‹.MemeMaxâš¡,"ì•„ì¹¨ë¶€í„° ì˜¤í”ˆX í€˜ìŠ¤íŠ¸ í•˜ëŠë¼, NFT ë§ˆì¼“ì„ ë“¤ë½ ê±°ë¦¬ëŠ” ìŠ¤í”„ë¼ì´íŠ¸! WEB3ë„ êµ¬ê²½ì¤‘ì´ëë‹ˆë‹¤.  @irys_xyz https://t.co/jeq6ir7dtI",0,1,1,0,35,1942331222430187752,https://twitter.com/jhsrain/status/1942331222430187752,C:\Projects\DATA_SCIENCE\Tweet_Scraper_app\data\exports\keywords_20260103_091408.csv
2025-07-07 21:09:29,Andysoares85,solanoas.base.eth,"ğŸ @KaitoAI  and @irys_xyz  are leading the race! This partnership speeds ahead, leaving others in the dust. Tech, strategy, and community â€” all in one team. ğŸš€ #KaitoAI #Irys #Web3Formula #FastTrackPartner https://t.co/NUtcm9yqL0",1,5,1,0,25,1942330150844010702,https://twitter.com/Andysoares85/status/1942330150844010702,C:\Projects\DATA_SCIENCE\Tweet_Scraper_app\data\exports\keywords_20260103_091408.csv
2025-07-07 21:03:28,Greatkhing7,Greatness,"Programmable Data with @irys_xyz   Programmable data means your data can do things: â€“ Trigger smart contracts â€“ Be read by any chain â€“ Persist forever â€“ Act as a source of truth, not just a reference.  It's the missing layer that turns static files into living components of https://t.co/vP6HcUsdFI",3,4,0,0,74,1942328637941772675,https://twitter.com/Greatkhing7/status/1942328637941772675,C:\Projects\DATA_SCIENCE\Tweet_Scraper_app\data\exports\keywords_20260103_091408.csv
2025-07-07 21:02:27,EdstechD,EdwinğŸ€„ï¸,"How @irys_xyz Empowers Developers to Create Efficient, Scalable AI Applications.  Irys is a layer 1 programmable data chain designed to handle large scale, onchain data efficiently. Unlike traditional blockchains that only store data passively, Irys makes data programmable, https://t.co/V8IUZTL6Gw",1,18,15,0,356,1942328383431401745,https://twitter.com/EdstechD/status/1942328383431401745,C:\Projects\DATA_SCIENCE\Tweet_Scraper_app\data\exports\keywords_20260103_091408.csv
2025-07-07 21:02:15,AraceliMerrh575,Hotbaby | âˆ TÎ›NSSI Ï€Â² â“‚ï¸â“‚ï¸T ğŸŒŠRIVER,Sau bao nhiÃªu ngÃ y thÃ¡ng Ä‘i xin xá» cuá»‘i cÃ¹ng cÅ©ng cÃ³ 1 chÃºt tÃ­n hiá»‡u Ä‘á»•i má»›i.  Lets connect yap yap yap guys @KaitoAI  Anh em nÃ o chung chÃ­ hÆ°á»›ng cÃ¹ng cÃ y @overtake_world @theblessnetwork @HanaNetwork thÃ¬ cÃ¹ng nhau yap nha. @GiveRep @virtuals_io @glayer_official @irys_xyz https://t.co/pU6E05AeA6,0,3,3,0,84,1942328332017885446,https://twitter.com/AraceliMerrh575/status/1942328332017885446,C:\Projects\DATA_SCIENCE\Tweet_Scraper_app\data\exports\keywords_20260103_091408.csv
2025-07-07 21:01:04,Olyvia_Tweets,Olivia,"Meet IRYS: the Datachain Revolution  @irys_xyz isnâ€™t about running transactions, itâ€™s built to store and scale data like no other.  Itâ€™s fast, cheap, efficient.  While most blockchains focus on running smart contracts or handling transactions, Irys is focused on one thing: data.",0,23,20,1,3382,1942328031629955316,https://twitter.com/Olyvia_Tweets/status/1942328031629955316,C:\Projects\DATA_SCIENCE\Tweet_Scraper_app\data\exports\keywords_20260103_091408.csv
2025-07-07 20:59:56,LightGabriel5,Chuksl007ğŸğŸ«,You can now reveal your @irys_xyz bitomo.   Tbh i dont know if this is a good one to getğŸ˜‚but it looks cute.  Check yours and lets see what you get. https://t.co/YM8Kkh7TMS,0,4,2,0,69,1942327748707733591,https://twitter.com/LightGabriel5/status/1942327748707733591,C:\Projects\DATA_SCIENCE\Tweet_Scraper_app\data\exports\keywords_20260103_091408.csv
2025-07-07 20:57:34,blackivvvy,BlackğˆğšŸğšŸğšŸáƒ§ ğŸ”º,Shugo baby!   Think of @irys_xyz as like a public memory bank for crypto. Any chain can tap into it for immutable storage. Simple but game changing.  Traditional storage just holds your data. @irys_xyz makes permanence programmable. Completely changes how you think about building https://t.co/fzVMz0sFzd,0,5,3,0,50,1942327152491295092,https://twitter.com/blackivvvy/status/1942327152491295092,C:\Projects\DATA_SCIENCE\Tweet_Scraper_app\data\exports\keywords_20260103_091408.csv
2025-07-07 20:55:15,Bnam_JI,JI_Bnam (âœ§á´—âœ§),"Meet @irys_xyz , the â€œDatachainâ€ ready to make your life easier! âœ¨  ğŸ”¹ Store data on-chain safely, cheaply, and without limits. ğŸ”¹ Texts, images, filesâ€”all neatly stored, accessible at any time. ğŸ”¹ Not just storage, Irys takes interoperability to a new level!  What are you most https://t.co/dwZVaRx17S",0,3,1,0,39,1942326571257491870,https://twitter.com/Bnam_JI/status/1942326571257491870,C:\Projects\DATA_SCIENCE\Tweet_Scraper_app\data\exports\keywords_20260103_091408.csv
2025-07-07 20:53:03,Kelvin3952,KelvinğŸŸ ğŸŒˆ (âœ§á´—âœ§),Just love to do it  @irys_xyz  @boundless_xyz  @satlayer  @sign  @union_build  @anoma  @NetworkNoya  @clicks_xyz  What about you,0,2,0,0,90,1942326017764524150,https://twitter.com/Kelvin3952/status/1942326017764524150,C:\Projects\DATA_SCIENCE\Tweet_Scraper_app\data\exports\keywords_20260103_091408.csv
2025-07-07 20:50:33,Danielonye53332,Daniel onyema,"Upload once, work forever. @irys_xyz makes it possible for files to autonomously collect fees, check permissions, and update themselves. Revolutionizing data management and automation.  Hirys https://t.co/0iyo5jiOjR",0,6,2,0,66,1942325388455109037,https://twitter.com/Danielonye53332/status/1942325388455109037,C:\Projects\DATA_SCIENCE\Tweet_Scraper_app\data\exports\keywords_20260103_091408.csv
2025-07-07 20:46:33,JonnaCampbel327,Jonna Campbel.ink âŒ˜Morph,"New wave of dev playgrounds with @irys_xyz  â€¢ Multi-ledger = submit/verify/publish layers so you own auth + perm storage â€¢ Built-in infra for DePIN projects skip the pain, stream + store data at scale â€¢ Testnet culture: claim, upload, game, earn with Irys Arcade &amp; Genesis Hunt https://t.co/Umi6gBSBWO",0,0,1,0,83,1942324378991223070,https://twitter.com/JonnaCampbel327/status/1942324378991223070,C:\Projects\DATA_SCIENCE\Tweet_Scraper_app\data\exports\keywords_20260103_091408.csv
2025-07-07 20:44:05,Sol_dium,Na+,Who will like to play the @irys_xyz  game with me best high score pay for the the faucet  ğŸ¤¤ğŸ¥²ğŸŒ¬ğŸ’™ https://t.co/hGZbFM52wA,0,63,66,0,703,1942323758188163081,https://twitter.com/Sol_dium/status/1942323758188163081,C:\Projects\DATA_SCIENCE\Tweet_Scraper_app\data\exports\keywords_20260103_091408.csv
2025-07-07 20:43:22,panaghoul,Panasenko,"Small @irys_xyz , big victories. Just cozily settled in the trophy ğŸ†ğŸ’› https://t.co/OZYjGT10eG",0,3,0,0,12,1942323579791564875,https://twitter.com/panaghoul/status/1942323579791564875,C:\Projects\DATA_SCIENCE\Tweet_Scraper_app\data\exports\keywords_20260103_091408.csv
2025-07-07 20:40:06,pablowagmi,PABLOWAGMI,"DAY 1: Why does @irys_xyz matter in web3  Web3 is all about decentralization, ownership, and transparency. But one major challenge? Data storage. Thatâ€™s where Irys comes in.Irys is a decentralized data layer built on Arweave, a permanent storage blockchain. https://t.co/c788ha6wRO",1,5,3,0,232,1942322756193853903,https://twitter.com/pablowagmi/status/1942322756193853903,C:\Projects\DATA_SCIENCE\Tweet_Scraper_app\data\exports\keywords_20260103_091408.csv
2025-07-07 20:35:29,pablowagmi,PABLOWAGMI,"Would be exploring @irys_xyz daily, come with me",0,2,1,1,255,1942321595479117948,https://twitter.com/pablowagmi/status/1942321595479117948,C:\Projects\DATA_SCIENCE\Tweet_Scraper_app\data\exports\keywords_20260103_091408.csv
2025-10-16 01:22:29,Dantashi_,Dantashi (âœ§á´—âœ§),"(âœ§á´—âœ§) ğ—¥ğ—¢ğ—Ÿğ—˜ ğ—¨ğ—£ğ—šğ—¥ğ—”ğ——ğ—˜ğ—¦ ğ—”ğ—Ÿğ—˜ğ—¥ğ—§ ğŸ’™  Congrats to everyone who got upgraded in the @irys_xyz Discord!         Your work has been noticed. Your contributions have been seen by Iryna.  To those showing up daily, and to those just getting started - this is your reminder: https://t.co/pTt11Q3Rbp",17,301,168,8,10577,1978632606586372588,https://twitter.com/Dantashi_/status/1978632606586372588,C:\Projects\DATA_SCIENCE\Tweet_Scraper_app\data\exports\keywords_20260103_091408.csv
2025-07-07 20:34:35,MarokCarok22058,marok carok - IRYS(âœ§á´—âœ§),"Irys Genesis NFT Mint is coming  âœ… 500 whitelist spots âœ… 2,000 Genesis NFTs total âœ… In partnership with OKX join in 1ï¸âƒ£ Connect your OKX wallet &amp; mint Bitomo NFT 2ï¸âƒ£ Complete daily quests 3ï¸âƒ£ Evolve your Bitomo 4ï¸âƒ£ 500 wallets with evolved Bitomos will get whitelist @irys_xyz https://t.co/arhlBe25Q1",0,13,0,0,147,1942321370018492529,https://twitter.com/MarokCarok22058/status/1942321370018492529,C:\Projects\DATA_SCIENCE\Tweet_Scraper_app\data\exports\keywords_20260103_091408.csv
2025-07-07 20:33:38,Korgonxx,Korgonxx,"âœ§ Just revealed my Bitomo NFT on   https://t.co/Bp1RW5XfSc pulled a Red Egg ğŸ‘€  Loving how @irys_xyz blends data, art, and mystery into something truly unique. Bitomo feels like the beginning of something big.  What did you get?  Drop your reveals in the comments  letâ€™s compare https://t.co/t76zzM0gcP",1,52,36,1,2990,1942321127466098789,https://twitter.com/Korgonxx/status/1942321127466098789,C:\Projects\DATA_SCIENCE\Tweet_Scraper_app\data\exports\keywords_20260103_091408.csv
2025-07-07 20:30:42,LastCall2410,LastCall (âœ§á´—âœ§),Follow the signboards to your stored data on @irys_xyz directed by Sprite âš¡ https://t.co/yKORKOBT1I,1,8,6,0,195,1942320389717385519,https://twitter.com/LastCall2410/status/1942320389717385519,C:\Projects\DATA_SCIENCE\Tweet_Scraper_app\data\exports\keywords_20260103_091408.csv
2025-07-07 20:28:56,CryptoA1ex,Alex (âœ§á´—âœ§),"My pixel art for @irys_xyz and @IrysArcade ğŸ©µ  I improve my skills day by day. There are problems, but I try to be better! Thank you #Irys https://t.co/sMXpUkHsm1",0,3,3,0,61,1942319947713020041,https://twitter.com/CryptoA1ex/status/1942319947713020041,C:\Projects\DATA_SCIENCE\Tweet_Scraper_app\data\exports\keywords_20260103_091408.csv
2025-07-07 20:28:02,Boo3_14,Boopi,Hirys ğŸ©µ  Spriteâ€™s loving the rain in his raincoat! @irys_xyz knows how to keep it fun  Whatâ€™s your favorite rainy day activity? https://t.co/dG9O9uEjsz,0,61,12,0,387,1942319721371652203,https://twitter.com/Boo3_14/status/1942319721371652203,C:\Projects\DATA_SCIENCE\Tweet_Scraper_app\data\exports\keywords_20260103_091408.csv
2025-07-07 20:27:31,onchainpleb,PlebianğŸ§˜â€â™‚ï¸,".@josh_benaron is the kind of founder that doesnâ€™t wait for the future, he builds it from scratch.  From scaling Bundlr into whatâ€™s now @irys_xyz, he turned Arweave from 10K daily uploads to over 15 million. Thatâ€™s not growth. Thatâ€™s a movement.  He didnâ€™t just chase https://t.co/22B9OvxeVM",0,5,2,0,105,1942319589217689791,https://twitter.com/onchainpleb/status/1942319589217689791,C:\Projects\DATA_SCIENCE\Tweet_Scraper_app\data\exports\keywords_20260103_091408.csv
2025-07-07 20:27:02,rekisan__,Abbi ğŸ€,"AI agents donâ€™t need another platform. They need a memory.  Most agents still run in isolation with no shared context, no trust, no coordination.  But @irys_xyz fixes that.  It acts as the on-chain memory and logic layer for AI to: â  Discover jobs and post tasks  â  Verify https://t.co/ggr1uwwAWs",1,21,17,0,349,1942319468157501732,https://twitter.com/rekisan__/status/1942319468157501732,C:\Projects\DATA_SCIENCE\Tweet_Scraper_app\data\exports\keywords_20260103_091408.csv
2025-07-07 20:26:41,arbdool78857,Bumblebee,GN @irys_xyz believers â˜€ï¸  Onchain data. No servers. No pinning. No maintenance. Just upload and it lives. Forever. Immutable. Auditable. No broken links. No babysitting. All this is possible on Irys.,1,32,44,0,205,1942319380517269667,https://twitter.com/arbdool78857/status/1942319380517269667,C:\Projects\DATA_SCIENCE\Tweet_Scraper_app\data\exports\keywords_20260103_091408.csv
2025-07-07 20:24:31,0xRufaI,ğ”¸ğ–ğ¦ğšğ,"ğŸ‘‰ğŸ¿ğŸ‘‡ğŸ¿ğŸ‘‡ğŸ¿ğŸ‘‡ğŸ¿ğŸ‘‡ğŸ¿ğŸ‘‡ğŸ¿ğŸ‘‡ğŸ¿ğŸ‘‡ğŸ¿ğŸ‘‡ğŸ¿ğŸ‘‡ğŸ¿ğŸ‘ˆğŸ¿ ğŸ‘‰ğŸ¿ğŸ‘‡ğŸ¾ğŸ‘‡ğŸ¾ğŸ‘‡ğŸ¾ğŸ‘‡ğŸ¾ğŸ‘‡ğŸ¾ğŸ‘‡ğŸ¾ğŸ‘‡ğŸ¾ğŸ‘‡ğŸ¾ğŸ‘‡ğŸ¾ğŸ‘ˆğŸ¿ ğŸ‘‰ğŸ¿ğŸ‘‰ğŸ¾ğŸ‘‡ğŸ½ğŸ‘‡ğŸ½ğŸ‘‡ğŸ½ğŸ‘‡ğŸ½ğŸ‘‡ğŸ½ğŸ‘‡ğŸ½ğŸ‘‡ğŸ½ğŸ‘ˆğŸ¾ğŸ‘ˆğŸ¿ ğŸ‘‰ğŸ¿ğŸ‘‰ğŸ¾ğŸ‘‰ğŸ½ğŸ‘‡ğŸ¼ğŸ‘‡ğŸ¼ğŸ‘‡ğŸ¼ğŸ‘‡ğŸ¼ğŸ‘‡ğŸ¼ğŸ‘ˆğŸ½ğŸ‘ˆğŸ¾ğŸ‘ˆğŸ¿ ğŸ‘‰ğŸ¿ğŸ‘‰ğŸ¾ğŸ‘‰ğŸ½ğŸ‘‰ğŸ¼ğŸ‘‡ğŸ»ğŸ‘‡ğŸ»ğŸ‘‡ğŸ»ğŸ‘ˆğŸ¼ğŸ‘ˆğŸ½ğŸ‘ˆğŸ¾ğŸ‘ˆğŸ¿       ğŸ‘‰ğŸ¾ğŸ‘‰ğŸ½@irys_xyz ğŸ‘ˆğŸ¼ğŸ‘ˆğŸ½ğŸ‘ˆğŸ¾ ğŸ‘‰ğŸ¿ğŸ‘‰ğŸ¾ğŸ‘‰ğŸ½ğŸ‘‰ğŸ¼ğŸ‘†ğŸ»ğŸ‘†ğŸ»ğŸ‘†ğŸ»ğŸ‘ˆğŸ¼ğŸ‘ˆğŸ½ğŸ‘ˆğŸ¾ğŸ‘ˆğŸ¿ ğŸ‘‰ğŸ¿ğŸ‘‰ğŸ¾ğŸ‘‰ğŸ½ğŸ‘†ğŸ¼ğŸ‘†ğŸ¼ğŸ‘†ğŸ¼ğŸ‘†ğŸ¼ğŸ‘†ğŸ¼ğŸ‘ˆğŸ½ğŸ‘ˆğŸ¾ğŸ‘ˆğŸ¿ ğŸ‘‰ğŸ¿ğŸ‘‰ğŸ¾ğŸ‘†ğŸ½ğŸ‘†ğŸ½ğŸ‘†ğŸ½ğŸ‘†ğŸ½ğŸ‘†ğŸ½ğŸ‘†ğŸ½ğŸ‘†ğŸ½ğŸ‘ˆğŸ¾ğŸ‘ˆğŸ¿ ğŸ‘‰ğŸ¿ğŸ‘†ğŸ¾ğŸ‘†ğŸ¾ğŸ‘†ğŸ¾ğŸ‘†ğŸ¾ğŸ‘†ğŸ¾ğŸ‘†ğŸ¾ğŸ‘†ğŸ¾ğŸ‘†ğŸ¾ğŸ‘†ğŸ¾ğŸ‘ˆğŸ¿ ğŸ‘‰ğŸ¿ğŸ‘†ğŸ¿ğŸ‘†ğŸ¿ğŸ‘†ğŸ¿ğŸ‘†ğŸ¿ğŸ‘†ğŸ¿ğŸ‘†ğŸ¿ğŸ‘†ğŸ¿ğŸ‘†ğŸ¿ğŸ‘†ğŸ¿ğŸ‘ˆğŸ¿  Join the chain, quote",0,0,0,0,66,1942318834347827244,https://twitter.com/0xRufaI/status/1942318834347827244,C:\Projects\DATA_SCIENCE\Tweet_Scraper_app\data\exports\keywords_20260103_091408.csv
